Area_pop,Tipo_de_paciente,Qtd_pacientes,Dia
AP1,TP1,128.0,1
AP1,TP2,186.0,1
AP1,TP3,285.0,1
AP1,TP4,229.0,1
AP1,TP5,188.0,1
AP1,TP6,261.0,1
AP1,TP7,251.0,1
AP1,TP8,290.0,1
AP1,TP9,181.0,1
AP1,TP10,360.0,1
AP1,TP1,248.0,1
AP1,TP2,287.0,1
AP1,TP3,338.0,1
AP1,TP4,126.0,1
AP1,TP5,1.0,1
AP1,TP6,228.0,1
AP1,TP7,279.0,1
AP1,TP8,310.0,1
AP1,TP9,186.0,1
AP1,TP10,264.0,1
AP1,TP1,161.0,1
AP1,TP2,126.0,1
AP1,TP3,191.0,1
AP1,TP4,334.0,1
AP1,TP5,122.0,1
AP1,TP6,41.0,1
AP1,TP7,30.0,1
AP1,TP8,242.0,1
AP1,TP9,121.0,1
AP1,TP10,257.0,1
AP1,TP1,149.0,2
AP1,TP2,294.0,2
AP1,TP3,176.0,2
AP1,TP4,310.0,2
AP1,TP5,153.0,2
AP1,TP6,136.0,2
AP1,TP7,140.0,2
AP1,TP8,36.0,2
AP1,TP9,200.0,2
AP1,TP10,222.0,2
AP1,TP1,173.0,2
AP1,TP2,146.0,2
AP1,TP3,326.0,2
AP1,TP4,275.0,2
AP1,TP5,148.0,2
AP1,TP6,231.0,2
AP1,TP7,152.0,2
AP1,TP8,186.0,2
AP1,TP9,194.0,2
AP1,TP10,258.0,2
AP1,TP1,165.0,2
AP1,TP2,221.0,2
AP1,TP3,180.0,2
AP1,TP4,263.0,2
AP1,TP5,88.0,2
AP1,TP6,228.0,2
AP1,TP7,220.0,2
AP1,TP8,247.0,2
AP1,TP9,0.0,2
AP1,TP10,21.0,2
AP1,TP1,108.0,3
AP1,TP2,56.0,3
AP1,TP3,249.0,3
AP1,TP4,224.0,3
AP1,TP5,290.0,3
AP1,TP6,137.0,3
AP1,TP7,69.0,3
AP1,TP8,318.0,3
AP1,TP9,157.0,3
AP1,TP10,78.0,3
AP1,TP1,244.0,3
AP1,TP2,227.0,3
AP1,TP3,222.0,3
AP1,TP4,247.0,3
AP1,TP5,226.0,3
AP1,TP6,259.0,3
AP1,TP7,139.0,3
AP1,TP8,180.0,3
AP1,TP9,264.0,3
AP1,TP10,30.0,3
AP1,TP1,53.0,3
AP1,TP2,222.0,3
AP1,TP3,352.0,3
AP1,TP4,225.0,3
AP1,TP5,0.0,3
AP1,TP6,246.0,3
AP1,TP7,151.0,3
AP1,TP8,220.0,3
AP1,TP9,96.0,3
AP1,TP10,217.0,3
AP1,TP1,305.0,4
AP1,TP2,104.0,4
AP1,TP3,327.0,4
AP1,TP4,361.0,4
AP1,TP5,243.0,4
AP1,TP6,291.0,4
AP1,TP7,324.0,4
AP1,TP8,181.0,4
AP1,TP9,164.0,4
AP1,TP10,385.0,4
AP10,TP1,238.0,4
AP10,TP2,210.0,4
AP10,TP3,85.0,4
AP10,TP4,310.0,4
AP10,TP5,181.0,4
AP10,TP6,247.0,4
AP10,TP7,341.0,4
AP10,TP8,243.0,4
AP10,TP9,114.0,4
AP10,TP10,103.0,4
AP10,TP1,181.0,4
AP10,TP2,146.0,4
AP10,TP3,180.0,4
AP10,TP4,300.0,4
AP10,TP5,234.0,4
AP10,TP6,301.0,4
AP10,TP7,241.0,4
AP10,TP8,287.0,4
AP10,TP9,173.0,4
AP10,TP10,121.0,4
AP10,TP1,342.0,5
AP10,TP2,307.0,5
AP10,TP3,167.0,5
AP10,TP4,105.0,5
AP10,TP5,133.0,5
AP10,TP6,125.0,5
AP10,TP7,36.0,5
AP10,TP8,249.0,5
AP10,TP9,166.0,5
AP10,TP10,162.0,5
AP10,TP1,139.0,5
AP10,TP2,163.0,5
AP10,TP3,291.0,5
AP10,TP4,232.0,5
AP10,TP5,167.0,5
AP10,TP6,273.0,5
AP10,TP7,100.0,5
AP10,TP8,319.0,5
AP10,TP9,259.0,5
AP10,TP10,23.0,5
AP10,TP1,342.0,5
AP10,TP2,229.0,5
AP10,TP3,249.0,5
AP10,TP4,183.0,5
AP10,TP5,257.0,5
AP10,TP6,162.0,5
AP10,TP7,195.0,5
AP10,TP8,116.0,5
AP10,TP9,183.0,5
AP10,TP10,206.0,5
AP10,TP1,201.0,6
AP10,TP2,185.0,6
AP10,TP3,163.0,6
AP10,TP4,312.0,6
AP10,TP5,144.0,6
AP10,TP6,360.0,6
AP10,TP7,191.0,6
AP10,TP8,225.0,6
AP10,TP9,260.0,6
AP10,TP10,342.0,6
AP10,TP1,178.0,6
AP10,TP2,170.0,6
AP10,TP3,217.0,6
AP10,TP4,355.0,6
AP10,TP5,233.0,6
AP10,TP6,175.0,6
AP10,TP7,234.0,6
AP10,TP8,0.0,6
AP10,TP9,178.0,6
AP10,TP10,129.0,6
AP10,TP1,173.0,6
AP10,TP2,203.0,6
AP10,TP3,373.0,6
AP10,TP4,194.0,6
AP10,TP5,246.0,6
AP10,TP6,302.0,6
AP10,TP7,198.0,6
AP10,TP8,301.0,6
AP10,TP9,211.0,6
AP10,TP10,311.0,6
AP10,TP1,239.0,7
AP10,TP2,267.0,7
AP10,TP3,249.0,7
AP10,TP4,145.0,7
AP10,TP5,309.0,7
AP10,TP6,234.0,7
AP10,TP7,176.0,7
AP10,TP8,212.0,7
AP10,TP9,177.0,7
AP10,TP10,207.0,7
AP10,TP1,101.0,7
AP10,TP2,260.0,7
AP10,TP3,128.0,7
AP10,TP4,171.0,7
AP10,TP5,198.0,7
AP10,TP6,139.0,7
AP10,TP7,384.0,7
AP10,TP8,252.0,7
AP10,TP9,111.0,7
AP10,TP10,374.0,7
AP11,TP1,215.0,7
AP11,TP2,168.0,7
AP11,TP3,156.0,7
AP11,TP4,240.0,7
AP11,TP5,325.0,7
AP11,TP6,166.0,7
AP11,TP7,125.0,7
AP11,TP8,204.0,7
AP11,TP9,306.0,7
AP11,TP10,35.0,7
AP11,TP1,204.0,8
AP11,TP2,320.0,8
AP11,TP3,284.0,8
AP11,TP4,255.0,8
AP11,TP5,286.0,8
AP11,TP6,192.0,8
AP11,TP7,198.0,8
AP11,TP8,357.0,8
AP11,TP9,161.0,8
AP11,TP10,87.0,8
AP11,TP1,99.0,8
AP11,TP2,250.0,8
AP11,TP3,181.0,8
AP11,TP4,139.0,8
AP11,TP5,321.0,8
AP11,TP6,121.0,8
AP11,TP7,174.0,8
AP11,TP8,273.0,8
AP11,TP9,135.0,8
AP11,TP10,263.0,8
AP11,TP1,124.0,8
AP11,TP2,172.0,8
AP11,TP3,253.0,8
AP11,TP4,111.0,8
AP11,TP5,160.0,8
AP11,TP6,262.0,8
AP11,TP7,314.0,8
AP11,TP8,202.0,8
AP11,TP9,267.0,8
AP11,TP10,340.0,8
AP11,TP1,52.0,9
AP11,TP2,277.0,9
AP11,TP3,259.0,9
AP11,TP4,196.0,9
AP11,TP5,319.0,9
AP11,TP6,309.0,9
AP11,TP7,130.0,9
AP11,TP8,48.0,9
AP11,TP9,213.0,9
AP11,TP10,330.0,9
AP11,TP1,52.0,9
AP11,TP2,317.0,9
AP11,TP3,221.0,9
AP11,TP4,226.0,9
AP11,TP5,208.0,9
AP11,TP6,198.0,9
AP11,TP7,64.0,9
AP11,TP8,315.0,9
AP11,TP9,206.0,9
AP11,TP10,68.0,9
AP11,TP1,195.0,9
AP11,TP2,165.0,9
AP11,TP3,110.0,9
AP11,TP4,115.0,9
AP11,TP5,263.0,9
AP11,TP6,151.0,9
AP11,TP7,271.0,9
AP11,TP8,115.0,9
AP11,TP9,169.0,9
AP11,TP10,232.0,9
AP11,TP1,263.0,10
AP11,TP2,124.0,10
AP11,TP3,270.0,10
AP11,TP4,77.0,10
AP11,TP5,364.0,10
AP11,TP6,290.0,10
AP11,TP7,270.0,10
AP11,TP8,114.0,10
AP11,TP9,0.0,10
AP11,TP10,221.0,10
AP11,TP1,53.0,10
AP11,TP2,200.0,10
AP11,TP3,247.0,10
AP11,TP4,97.0,10
AP11,TP5,194.0,10
AP11,TP6,0.0,10
AP11,TP7,201.0,10
AP11,TP8,188.0,10
AP11,TP9,117.0,10
AP11,TP10,224.0,10
AP11,TP1,350.0,10
AP11,TP2,227.0,10
AP11,TP3,230.0,10
AP11,TP4,228.0,10
AP11,TP5,187.0,10
AP11,TP6,157.0,10
AP11,TP7,268.0,10
AP11,TP8,257.0,10
AP11,TP9,201.0,10
AP11,TP10,310.0,10
AP12,TP1,183.0,1
AP12,TP2,197.0,1
AP12,TP3,221.0,1
AP12,TP4,68.0,1
AP12,TP5,253.0,1
AP12,TP6,156.0,1
AP12,TP7,139.0,1
AP12,TP8,161.0,1
AP12,TP9,243.0,1
AP12,TP10,96.0,1
AP12,TP1,173.0,1
AP12,TP2,206.0,1
AP12,TP3,191.0,1
AP12,TP4,278.0,1
AP12,TP5,201.0,1
AP12,TP6,131.0,1
AP12,TP7,263.0,1
AP12,TP8,310.0,1
AP12,TP9,265.0,1
AP12,TP10,57.0,1
AP12,TP1,199.0,1
AP12,TP2,161.0,1
AP12,TP3,117.0,1
AP12,TP4,209.0,1
AP12,TP5,96.0,1
AP12,TP6,156.0,1
AP12,TP7,169.0,1
AP12,TP8,198.0,1
AP12,TP9,128.0,1
AP12,TP10,118.0,1
AP12,TP1,61.0,2
AP12,TP2,274.0,2
AP12,TP3,210.0,2
AP12,TP4,135.0,2
AP12,TP5,219.0,2
AP12,TP6,270.0,2
AP12,TP7,116.0,2
AP12,TP8,184.0,2
AP12,TP9,166.0,2
AP12,TP10,167.0,2
AP12,TP1,217.0,2
AP12,TP2,400.0,2
AP12,TP3,165.0,2
AP12,TP4,94.0,2
AP12,TP5,237.0,2
AP12,TP6,21.0,2
AP12,TP7,148.0,2
AP12,TP8,189.0,2
AP12,TP9,256.0,2
AP12,TP10,186.0,2
AP12,TP1,238.0,2
AP12,TP2,161.0,2
AP12,TP3,181.0,2
AP12,TP4,152.0,2
AP12,TP5,248.0,2
AP12,TP6,138.0,2
AP12,TP7,134.0,2
AP12,TP8,196.0,2
AP12,TP9,295.0,2
AP12,TP10,242.0,2
AP12,TP1,265.0,3
AP12,TP2,197.0,3
AP12,TP3,238.0,3
AP12,TP4,159.0,3
AP12,TP5,132.0,3
AP12,TP6,207.0,3
AP12,TP7,251.0,3
AP12,TP8,98.0,3
AP12,TP9,175.0,3
AP12,TP10,288.0,3
AP12,TP1,184.0,3
AP12,TP2,167.0,3
AP12,TP3,102.0,3
AP12,TP4,157.0,3
AP12,TP5,213.0,3
AP12,TP6,93.0,3
AP12,TP7,117.0,3
AP12,TP8,279.0,3
AP12,TP9,243.0,3
AP12,TP10,194.0,3
AP12,TP1,155.0,3
AP12,TP2,146.0,3
AP12,TP3,313.0,3
AP12,TP4,286.0,3
AP12,TP5,10.0,3
AP12,TP6,92.0,3
AP12,TP7,162.0,3
AP12,TP8,204.0,3
AP12,TP9,261.0,3
AP12,TP10,231.0,3
AP12,TP1,170.0,4
AP12,TP2,193.0,4
AP12,TP3,163.0,4
AP12,TP4,169.0,4
AP12,TP5,244.0,4
AP12,TP6,77.0,4
AP12,TP7,260.0,4
AP12,TP8,57.0,4
AP12,TP9,332.0,4
AP12,TP10,199.0,4
AP13,TP1,154.0,4
AP13,TP2,267.0,4
AP13,TP3,295.0,4
AP13,TP4,216.0,4
AP13,TP5,129.0,4
AP13,TP6,59.0,4
AP13,TP7,230.0,4
AP13,TP8,303.0,4
AP13,TP9,134.0,4
AP13,TP10,324.0,4
AP13,TP1,156.0,4
AP13,TP2,183.0,4
AP13,TP3,174.0,4
AP13,TP4,173.0,4
AP13,TP5,71.0,4
AP13,TP6,182.0,4
AP13,TP7,273.0,4
AP13,TP8,177.0,4
AP13,TP9,255.0,4
AP13,TP10,172.0,4
AP13,TP1,234.0,5
AP13,TP2,183.0,5
AP13,TP3,202.0,5
AP13,TP4,230.0,5
AP13,TP5,180.0,5
AP13,TP6,202.0,5
AP13,TP7,156.0,5
AP13,TP8,266.0,5
AP13,TP9,292.0,5
AP13,TP10,164.0,5
AP13,TP1,259.0,5
AP13,TP2,278.0,5
AP13,TP3,316.0,5
AP13,TP4,203.0,5
AP13,TP5,247.0,5
AP13,TP6,143.0,5
AP13,TP7,154.0,5
AP13,TP8,385.0,5
AP13,TP9,249.0,5
AP13,TP10,316.0,5
AP13,TP1,105.0,5
AP13,TP2,318.0,5
AP13,TP3,217.0,5
AP13,TP4,281.0,5
AP13,TP5,261.0,5
AP13,TP6,199.0,5
AP13,TP7,83.0,5
AP13,TP8,76.0,5
AP13,TP9,242.0,5
AP13,TP10,237.0,5
AP13,TP1,317.0,6
AP13,TP2,246.0,6
AP13,TP3,257.0,6
AP13,TP4,216.0,6
AP13,TP5,331.0,6
AP13,TP6,200.0,6
AP13,TP7,183.0,6
AP13,TP8,302.0,6
AP13,TP9,301.0,6
AP13,TP10,396.0,6
AP13,TP1,279.0,6
AP13,TP2,60.0,6
AP13,TP3,192.0,6
AP13,TP4,153.0,6
AP13,TP5,341.0,6
AP13,TP6,208.0,6
AP13,TP7,50.0,6
AP13,TP8,285.0,6
AP13,TP9,197.0,6
AP13,TP10,232.0,6
AP13,TP1,325.0,6
AP13,TP2,271.0,6
AP13,TP3,400.0,6
AP13,TP4,289.0,6
AP13,TP5,193.0,6
AP13,TP6,246.0,6
AP13,TP7,103.0,6
AP13,TP8,182.0,6
AP13,TP9,124.0,6
AP13,TP10,307.0,6
AP13,TP1,54.0,7
AP13,TP2,164.0,7
AP13,TP3,254.0,7
AP13,TP4,112.0,7
AP13,TP5,263.0,7
AP13,TP6,209.0,7
AP13,TP7,113.0,7
AP13,TP8,198.0,7
AP13,TP9,113.0,7
AP13,TP10,34.0,7
AP13,TP1,252.0,7
AP13,TP2,237.0,7
AP13,TP3,169.0,7
AP13,TP4,264.0,7
AP13,TP5,126.0,7
AP13,TP6,46.0,7
AP13,TP7,103.0,7
AP13,TP8,247.0,7
AP13,TP9,299.0,7
AP13,TP10,178.0,7
AP14,TP1,269.0,7
AP14,TP2,160.0,7
AP14,TP3,308.0,7
AP14,TP4,161.0,7
AP14,TP5,282.0,7
AP14,TP6,193.0,7
AP14,TP7,166.0,7
AP14,TP8,217.0,7
AP14,TP9,238.0,7
AP14,TP10,262.0,7
AP14,TP1,160.0,8
AP14,TP2,136.0,8
AP14,TP3,200.0,8
AP14,TP4,308.0,8
AP14,TP5,65.0,8
AP14,TP6,185.0,8
AP14,TP7,229.0,8
AP14,TP8,275.0,8
AP14,TP9,193.0,8
AP14,TP10,184.0,8
AP14,TP1,286.0,8
AP14,TP2,290.0,8
AP14,TP3,357.0,8
AP14,TP4,224.0,8
AP14,TP5,141.0,8
AP14,TP6,235.0,8
AP14,TP7,241.0,8
AP14,TP8,172.0,8
AP14,TP9,208.0,8
AP14,TP10,121.0,8
AP14,TP1,186.0,8
AP14,TP2,219.0,8
AP14,TP3,282.0,8
AP14,TP4,207.0,8
AP14,TP5,248.0,8
AP14,TP6,193.0,8
AP14,TP7,8.0,8
AP14,TP8,185.0,8
AP14,TP9,243.0,8
AP14,TP10,238.0,8
AP14,TP1,266.0,9
AP14,TP2,0.0,9
AP14,TP3,223.0,9
AP14,TP4,155.0,9
AP14,TP5,183.0,9
AP14,TP6,229.0,9
AP14,TP7,244.0,9
AP14,TP8,244.0,9
AP14,TP9,338.0,9
AP14,TP10,142.0,9
AP14,TP1,176.0,9
AP14,TP2,0.0,9
AP14,TP3,189.0,9
AP14,TP4,275.0,9
AP14,TP5,166.0,9
AP14,TP6,133.0,9
AP14,TP7,306.0,9
AP14,TP8,249.0,9
AP14,TP9,175.0,9
AP14,TP10,125.0,9
AP14,TP1,150.0,9
AP14,TP2,218.0,9
AP14,TP3,59.0,9
AP14,TP4,180.0,9
AP14,TP5,250.0,9
AP14,TP6,232.0,9
AP14,TP7,286.0,9
AP14,TP8,61.0,9
AP14,TP9,131.0,9
AP14,TP10,122.0,9
AP14,TP1,197.0,10
AP14,TP2,182.0,10
AP14,TP3,197.0,10
AP14,TP4,200.0,10
AP14,TP5,201.0,10
AP14,TP6,103.0,10
AP14,TP7,262.0,10
AP14,TP8,159.0,10
AP14,TP9,148.0,10
AP14,TP10,144.0,10
AP14,TP1,346.0,10
AP14,TP2,54.0,10
AP14,TP3,210.0,10
AP14,TP4,167.0,10
AP14,TP5,231.0,10
AP14,TP6,76.0,10
AP14,TP7,273.0,10
AP14,TP8,351.0,10
AP14,TP9,314.0,10
AP14,TP10,104.0,10
AP14,TP1,188.0,10
AP14,TP2,253.0,10
AP14,TP3,106.0,10
AP14,TP4,232.0,10
AP14,TP5,117.0,10
AP14,TP6,31.0,10
AP14,TP7,65.0,10
AP14,TP8,379.0,10
AP14,TP9,0.0,10
AP14,TP10,210.0,10
AP15,TP1,258.0,1
AP15,TP2,91.0,1
AP15,TP3,163.0,1
AP15,TP4,208.0,1
AP15,TP5,147.0,1
AP15,TP6,260.0,1
AP15,TP7,175.0,1
AP15,TP8,291.0,1
AP15,TP9,315.0,1
AP15,TP10,241.0,1
AP15,TP1,400.0,1
AP15,TP2,301.0,1
AP15,TP3,299.0,1
AP15,TP4,200.0,1
AP15,TP5,300.0,1
AP15,TP6,213.0,1
AP15,TP7,271.0,1
AP15,TP8,145.0,1
AP15,TP9,158.0,1
AP15,TP10,52.0,1
AP15,TP1,112.0,1
AP15,TP2,232.0,1
AP15,TP3,139.0,1
AP15,TP4,136.0,1
AP15,TP5,179.0,1
AP15,TP6,304.0,1
AP15,TP7,258.0,1
AP15,TP8,162.0,1
AP15,TP9,203.0,1
AP15,TP10,400.0,1
AP15,TP1,49.0,2
AP15,TP2,302.0,2
AP15,TP3,0.0,2
AP15,TP4,400.0,2
AP15,TP5,231.0,2
AP15,TP6,156.0,2
AP15,TP7,307.0,2
AP15,TP8,182.0,2
AP15,TP9,80.0,2
AP15,TP10,197.0,2
AP15,TP1,34.0,2
AP15,TP2,101.0,2
AP15,TP3,71.0,2
AP15,TP4,262.0,2
AP15,TP5,60.0,2
AP15,TP6,243.0,2
AP15,TP7,110.0,2
AP15,TP8,162.0,2
AP15,TP9,136.0,2
AP15,TP10,124.0,2
AP15,TP1,71.0,2
AP15,TP2,229.0,2
AP15,TP3,224.0,2
AP15,TP4,207.0,2
AP15,TP5,180.0,2
AP15,TP6,59.0,2
AP15,TP7,115.0,2
AP15,TP8,217.0,2
AP15,TP9,120.0,2
AP15,TP10,206.0,2
AP15,TP1,355.0,3
AP15,TP2,221.0,3
AP15,TP3,39.0,3
AP15,TP4,122.0,3
AP15,TP5,227.0,3
AP15,TP6,120.0,3
AP15,TP7,249.0,3
AP15,TP8,95.0,3
AP15,TP9,207.0,3
AP15,TP10,123.0,3
AP15,TP1,281.0,3
AP15,TP2,301.0,3
AP15,TP3,141.0,3
AP15,TP4,93.0,3
AP15,TP5,206.0,3
AP15,TP6,335.0,3
AP15,TP7,187.0,3
AP15,TP8,180.0,3
AP15,TP9,308.0,3
AP15,TP10,101.0,3
AP15,TP1,244.0,3
AP15,TP2,156.0,3
AP15,TP3,199.0,3
AP15,TP4,233.0,3
AP15,TP5,193.0,3
AP15,TP6,244.0,3
AP15,TP7,230.0,3
AP15,TP8,195.0,3
AP15,TP9,307.0,3
AP15,TP10,172.0,3
AP15,TP1,250.0,4
AP15,TP2,186.0,4
AP15,TP3,177.0,4
AP15,TP4,229.0,4
AP15,TP5,185.0,4
AP15,TP6,254.0,4
AP15,TP7,226.0,4
AP15,TP8,89.0,4
AP15,TP9,181.0,4
AP15,TP10,114.0,4
AP16,TP1,192.0,4
AP16,TP2,199.0,4
AP16,TP3,209.0,4
AP16,TP4,125.0,4
AP16,TP5,138.0,4
AP16,TP6,119.0,4
AP16,TP7,327.0,4
AP16,TP8,332.0,4
AP16,TP9,174.0,4
AP16,TP10,54.0,4
AP16,TP1,205.0,4
AP16,TP2,229.0,4
AP16,TP3,191.0,4
AP16,TP4,31.0,4
AP16,TP5,209.0,4
AP16,TP6,273.0,4
AP16,TP7,260.0,4
AP16,TP8,293.0,4
AP16,TP9,299.0,4
AP16,TP10,221.0,4
AP16,TP1,258.0,5
AP16,TP2,244.0,5
AP16,TP3,57.0,5
AP16,TP4,92.0,5
AP16,TP5,285.0,5
AP16,TP6,129.0,5
AP16,TP7,211.0,5
AP16,TP8,189.0,5
AP16,TP9,119.0,5
AP16,TP10,215.0,5
AP16,TP1,221.0,5
AP16,TP2,256.0,5
AP16,TP3,299.0,5
AP16,TP4,332.0,5
AP16,TP5,285.0,5
AP16,TP6,307.0,5
AP16,TP7,16.0,5
AP16,TP8,216.0,5
AP16,TP9,235.0,5
AP16,TP10,217.0,5
AP16,TP1,132.0,5
AP16,TP2,60.0,5
AP16,TP3,206.0,5
AP16,TP4,250.0,5
AP16,TP5,100.0,5
AP16,TP6,22.0,5
AP16,TP7,112.0,5
AP16,TP8,268.0,5
AP16,TP9,257.0,5
AP16,TP10,275.0,5
AP16,TP1,134.0,6
AP16,TP2,259.0,6
AP16,TP3,261.0,6
AP16,TP4,117.0,6
AP16,TP5,308.0,6
AP16,TP6,176.0,6
AP16,TP7,260.0,6
AP16,TP8,256.0,6
AP16,TP9,114.0,6
AP16,TP10,220.0,6
AP16,TP1,220.0,6
AP16,TP2,248.0,6
AP16,TP3,13.0,6
AP16,TP4,332.0,6
AP16,TP5,211.0,6
AP16,TP6,316.0,6
AP16,TP7,339.0,6
AP16,TP8,211.0,6
AP16,TP9,180.0,6
AP16,TP10,213.0,6
AP16,TP1,149.0,6
AP16,TP2,303.0,6
AP16,TP3,295.0,6
AP16,TP4,177.0,6
AP16,TP5,84.0,6
AP16,TP6,214.0,6
AP16,TP7,192.0,6
AP16,TP8,153.0,6
AP16,TP9,91.0,6
AP16,TP10,169.0,6
AP16,TP1,387.0,7
AP16,TP2,258.0,7
AP16,TP3,212.0,7
AP16,TP4,282.0,7
AP16,TP5,189.0,7
AP16,TP6,199.0,7
AP16,TP7,130.0,7
AP16,TP8,117.0,7
AP16,TP9,186.0,7
AP16,TP10,168.0,7
AP16,TP1,0.0,7
AP16,TP2,185.0,7
AP16,TP3,241.0,7
AP16,TP4,220.0,7
AP16,TP5,307.0,7
AP16,TP6,135.0,7
AP16,TP7,172.0,7
AP16,TP8,233.0,7
AP16,TP9,152.0,7
AP16,TP10,131.0,7
AP17,TP1,250.0,7
AP17,TP2,289.0,7
AP17,TP3,237.0,7
AP17,TP4,252.0,7
AP17,TP5,55.0,7
AP17,TP6,219.0,7
AP17,TP7,148.0,7
AP17,TP8,90.0,7
AP17,TP9,241.0,7
AP17,TP10,244.0,7
AP17,TP1,222.0,8
AP17,TP2,157.0,8
AP17,TP3,293.0,8
AP17,TP4,177.0,8
AP17,TP5,192.0,8
AP17,TP6,213.0,8
AP17,TP7,313.0,8
AP17,TP8,236.0,8
AP17,TP9,137.0,8
AP17,TP10,165.0,8
AP17,TP1,305.0,8
AP17,TP2,197.0,8
AP17,TP3,156.0,8
AP17,TP4,388.0,8
AP17,TP5,266.0,8
AP17,TP6,254.0,8
AP17,TP7,201.0,8
AP17,TP8,32.0,8
AP17,TP9,162.0,8
AP17,TP10,238.0,8
AP17,TP1,221.0,8
AP17,TP2,197.0,8
AP17,TP3,217.0,8
AP17,TP4,220.0,8
AP17,TP5,122.0,8
AP17,TP6,287.0,8
AP17,TP7,208.0,8
AP17,TP8,194.0,8
AP17,TP9,178.0,8
AP17,TP10,145.0,8
AP17,TP1,35.0,9
AP17,TP2,400.0,9
AP17,TP3,201.0,9
AP17,TP4,301.0,9
AP17,TP5,175.0,9
AP17,TP6,41.0,9
AP17,TP7,246.0,9
AP17,TP8,160.0,9
AP17,TP9,141.0,9
AP17,TP10,0.0,9
AP17,TP1,6.0,9
AP17,TP2,208.0,9
AP17,TP3,153.0,9
AP17,TP4,281.0,9
AP17,TP5,168.0,9
AP17,TP6,372.0,9
AP17,TP7,198.0,9
AP17,TP8,88.0,9
AP17,TP9,76.0,9
AP17,TP10,271.0,9
AP17,TP1,36.0,9
AP17,TP2,88.0,9
AP17,TP3,344.0,9
AP17,TP4,85.0,9
AP17,TP5,225.0,9
AP17,TP6,339.0,9
AP17,TP7,262.0,9
AP17,TP8,174.0,9
AP17,TP9,100.0,9
AP17,TP10,262.0,9
AP17,TP1,93.0,10
AP17,TP2,104.0,10
AP17,TP3,135.0,10
AP17,TP4,120.0,10
AP17,TP5,97.0,10
AP17,TP6,143.0,10
AP17,TP7,142.0,10
AP17,TP8,319.0,10
AP17,TP9,192.0,10
AP17,TP10,134.0,10
AP17,TP1,150.0,10
AP17,TP2,130.0,10
AP17,TP3,331.0,10
AP17,TP4,314.0,10
AP17,TP5,289.0,10
AP17,TP6,195.0,10
AP17,TP7,276.0,10
AP17,TP8,186.0,10
AP17,TP9,184.0,10
AP17,TP10,286.0,10
AP17,TP1,174.0,10
AP17,TP2,134.0,10
AP17,TP3,370.0,10
AP17,TP4,202.0,10
AP17,TP5,150.0,10
AP17,TP6,184.0,10
AP17,TP7,170.0,10
AP17,TP8,250.0,10
AP17,TP9,274.0,10
AP17,TP10,204.0,10
AP18,TP1,222.0,1
AP18,TP2,141.0,1
AP18,TP3,230.0,1
AP18,TP4,101.0,1
AP18,TP5,344.0,1
AP18,TP6,242.0,1
AP18,TP7,197.0,1
AP18,TP8,199.0,1
AP18,TP9,262.0,1
AP18,TP10,262.0,1
AP18,TP1,286.0,1
AP18,TP2,140.0,1
AP18,TP3,146.0,1
AP18,TP4,188.0,1
AP18,TP5,168.0,1
AP18,TP6,251.0,1
AP18,TP7,264.0,1
AP18,TP8,183.0,1
AP18,TP9,43.0,1
AP18,TP10,375.0,1
AP18,TP1,141.0,1
AP18,TP2,280.0,1
AP18,TP3,211.0,1
AP18,TP4,136.0,1
AP18,TP5,119.0,1
AP18,TP6,263.0,1
AP18,TP7,201.0,1
AP18,TP8,113.0,1
AP18,TP9,168.0,1
AP18,TP10,238.0,1
AP18,TP1,281.0,2
AP18,TP2,270.0,2
AP18,TP3,116.0,2
AP18,TP4,182.0,2
AP18,TP5,262.0,2
AP18,TP6,62.0,2
AP18,TP7,210.0,2
AP18,TP8,186.0,2
AP18,TP9,177.0,2
AP18,TP10,248.0,2
AP18,TP1,142.0,2
AP18,TP2,152.0,2
AP18,TP3,247.0,2
AP18,TP4,112.0,2
AP18,TP5,211.0,2
AP18,TP6,218.0,2
AP18,TP7,317.0,2
AP18,TP8,161.0,2
AP18,TP9,219.0,2
AP18,TP10,132.0,2
AP18,TP1,237.0,2
AP18,TP2,136.0,2
AP18,TP3,61.0,2
AP18,TP4,138.0,2
AP18,TP5,169.0,2
AP18,TP6,306.0,2
AP18,TP7,238.0,2
AP18,TP8,303.0,2
AP18,TP9,259.0,2
AP18,TP10,110.0,2
AP18,TP1,211.0,3
AP18,TP2,355.0,3
AP18,TP3,177.0,3
AP18,TP4,174.0,3
AP18,TP5,177.0,3
AP18,TP6,131.0,3
AP18,TP7,151.0,3
AP18,TP8,256.0,3
AP18,TP9,216.0,3
AP18,TP10,140.0,3
AP18,TP1,125.0,3
AP18,TP2,367.0,3
AP18,TP3,286.0,3
AP18,TP4,55.0,3
AP18,TP5,187.0,3
AP18,TP6,0.0,3
AP18,TP7,298.0,3
AP18,TP8,150.0,3
AP18,TP9,248.0,3
AP18,TP10,111.0,3
AP18,TP1,161.0,3
AP18,TP2,263.0,3
AP18,TP3,245.0,3
AP18,TP4,79.0,3
AP18,TP5,159.0,3
AP18,TP6,167.0,3
AP18,TP7,241.0,3
AP18,TP8,227.0,3
AP18,TP9,274.0,3
AP18,TP10,152.0,3
AP18,TP1,0.0,4
AP18,TP2,366.0,4
AP18,TP3,296.0,4
AP18,TP4,243.0,4
AP18,TP5,92.0,4
AP18,TP6,143.0,4
AP18,TP7,194.0,4
AP18,TP8,123.0,4
AP18,TP9,400.0,4
AP18,TP10,271.0,4
AP19,TP1,87.0,4
AP19,TP2,99.0,4
AP19,TP3,367.0,4
AP19,TP4,140.0,4
AP19,TP5,201.0,4
AP19,TP6,400.0,4
AP19,TP7,140.0,4
AP19,TP8,121.0,4
AP19,TP9,134.0,4
AP19,TP10,161.0,4
AP19,TP1,214.0,4
AP19,TP2,31.0,4
AP19,TP3,127.0,4
AP19,TP4,162.0,4
AP19,TP5,81.0,4
AP19,TP6,224.0,4
AP19,TP7,260.0,4
AP19,TP8,315.0,4
AP19,TP9,110.0,4
AP19,TP10,158.0,4
AP19,TP1,190.0,5
AP19,TP2,316.0,5
AP19,TP3,243.0,5
AP19,TP4,188.0,5
AP19,TP5,149.0,5
AP19,TP6,167.0,5
AP19,TP7,353.0,5
AP19,TP8,255.0,5
AP19,TP9,125.0,5
AP19,TP10,245.0,5
AP19,TP1,200.0,5
AP19,TP2,314.0,5
AP19,TP3,173.0,5
AP19,TP4,224.0,5
AP19,TP5,233.0,5
AP19,TP6,182.0,5
AP19,TP7,179.0,5
AP19,TP8,160.0,5
AP19,TP9,90.0,5
AP19,TP10,114.0,5
AP19,TP1,140.0,5
AP19,TP2,207.0,5
AP19,TP3,244.0,5
AP19,TP4,150.0,5
AP19,TP5,296.0,5
AP19,TP6,271.0,5
AP19,TP7,229.0,5
AP19,TP8,142.0,5
AP19,TP9,64.0,5
AP19,TP10,182.0,5
AP19,TP1,224.0,6
AP19,TP2,282.0,6
AP19,TP3,71.0,6
AP19,TP4,210.0,6
AP19,TP5,129.0,6
AP19,TP6,95.0,6
AP19,TP7,168.0,6
AP19,TP8,197.0,6
AP19,TP9,375.0,6
AP19,TP10,109.0,6
AP19,TP1,295.0,6
AP19,TP2,246.0,6
AP19,TP3,169.0,6
AP19,TP4,94.0,6
AP19,TP5,217.0,6
AP19,TP6,270.0,6
AP19,TP7,79.0,6
AP19,TP8,283.0,6
AP19,TP9,158.0,6
AP19,TP10,208.0,6
AP19,TP1,226.0,6
AP19,TP2,318.0,6
AP19,TP3,154.0,6
AP19,TP4,104.0,6
AP19,TP5,189.0,6
AP19,TP6,201.0,6
AP19,TP7,206.0,6
AP19,TP8,119.0,6
AP19,TP9,233.0,6
AP19,TP10,82.0,6
AP19,TP1,279.0,7
AP19,TP2,97.0,7
AP19,TP3,17.0,7
AP19,TP4,77.0,7
AP19,TP5,217.0,7
AP19,TP6,127.0,7
AP19,TP7,179.0,7
AP19,TP8,238.0,7
AP19,TP9,350.0,7
AP19,TP10,299.0,7
AP19,TP1,141.0,7
AP19,TP2,150.0,7
AP19,TP3,235.0,7
AP19,TP4,105.0,7
AP19,TP5,45.0,7
AP19,TP6,194.0,7
AP19,TP7,225.0,7
AP19,TP8,117.0,7
AP19,TP9,312.0,7
AP19,TP10,274.0,7
AP2,TP1,55.0,7
AP2,TP2,303.0,7
AP2,TP3,181.0,7
AP2,TP4,195.0,7
AP2,TP5,232.0,7
AP2,TP6,153.0,7
AP2,TP7,241.0,7
AP2,TP8,230.0,7
AP2,TP9,136.0,7
AP2,TP10,166.0,7
AP2,TP1,258.0,8
AP2,TP2,272.0,8
AP2,TP3,360.0,8
AP2,TP4,113.0,8
AP2,TP5,170.0,8
AP2,TP6,272.0,8
AP2,TP7,159.0,8
AP2,TP8,153.0,8
AP2,TP9,252.0,8
AP2,TP10,150.0,8
AP2,TP1,112.0,8
AP2,TP2,299.0,8
AP2,TP3,145.0,8
AP2,TP4,122.0,8
AP2,TP5,204.0,8
AP2,TP6,181.0,8
AP2,TP7,189.0,8
AP2,TP8,135.0,8
AP2,TP9,48.0,8
AP2,TP10,304.0,8
AP2,TP1,214.0,8
AP2,TP2,235.0,8
AP2,TP3,153.0,8
AP2,TP4,201.0,8
AP2,TP5,203.0,8
AP2,TP6,147.0,8
AP2,TP7,90.0,8
AP2,TP8,187.0,8
AP2,TP9,216.0,8
AP2,TP10,229.0,8
AP2,TP1,75.0,9
AP2,TP2,115.0,9
AP2,TP3,163.0,9
AP2,TP4,194.0,9
AP2,TP5,176.0,9
AP2,TP6,207.0,9
AP2,TP7,148.0,9
AP2,TP8,201.0,9
AP2,TP9,192.0,9
AP2,TP10,229.0,9
AP2,TP1,111.0,9
AP2,TP2,233.0,9
AP2,TP3,249.0,9
AP2,TP4,0.0,9
AP2,TP5,183.0,9
AP2,TP6,352.0,9
AP2,TP7,113.0,9
AP2,TP8,160.0,9
AP2,TP9,224.0,9
AP2,TP10,125.0,9
AP2,TP1,199.0,9
AP2,TP2,134.0,9
AP2,TP3,290.0,9
AP2,TP4,259.0,9
AP2,TP5,275.0,9
AP2,TP6,246.0,9
AP2,TP7,320.0,9
AP2,TP8,95.0,9
AP2,TP9,243.0,9
AP2,TP10,55.0,9
AP2,TP1,219.0,10
AP2,TP2,181.0,10
AP2,TP3,242.0,10
AP2,TP4,160.0,10
AP2,TP5,280.0,10
AP2,TP6,344.0,10
AP2,TP7,316.0,10
AP2,TP8,212.0,10
AP2,TP9,258.0,10
AP2,TP10,250.0,10
AP2,TP1,52.0,10
AP2,TP2,180.0,10
AP2,TP3,287.0,10
AP2,TP4,183.0,10
AP2,TP5,66.0,10
AP2,TP6,137.0,10
AP2,TP7,251.0,10
AP2,TP8,169.0,10
AP2,TP9,228.0,10
AP2,TP10,49.0,10
AP2,TP1,126.0,10
AP2,TP2,147.0,10
AP2,TP3,126.0,10
AP2,TP4,239.0,10
AP2,TP5,180.0,10
AP2,TP6,119.0,10
AP2,TP7,264.0,10
AP2,TP8,165.0,10
AP2,TP9,185.0,10
AP2,TP10,184.0,10
AP20,TP1,374.0,1
AP20,TP2,183.0,1
AP20,TP3,162.0,1
AP20,TP4,256.0,1
AP20,TP5,131.0,1
AP20,TP6,102.0,1
AP20,TP7,358.0,1
AP20,TP8,257.0,1
AP20,TP9,167.0,1
AP20,TP10,238.0,1
AP20,TP1,232.0,1
AP20,TP2,179.0,1
AP20,TP3,233.0,1
AP20,TP4,188.0,1
AP20,TP5,229.0,1
AP20,TP6,211.0,1
AP20,TP7,347.0,1
AP20,TP8,101.0,1
AP20,TP9,273.0,1
AP20,TP10,316.0,1
AP20,TP1,189.0,1
AP20,TP2,128.0,1
AP20,TP3,211.0,1
AP20,TP4,193.0,1
AP20,TP5,262.0,1
AP20,TP6,120.0,1
AP20,TP7,204.0,1
AP20,TP8,216.0,1
AP20,TP9,99.0,1
AP20,TP10,356.0,1
AP20,TP1,163.0,2
AP20,TP2,252.0,2
AP20,TP3,138.0,2
AP20,TP4,327.0,2
AP20,TP5,236.0,2
AP20,TP6,107.0,2
AP20,TP7,156.0,2
AP20,TP8,299.0,2
AP20,TP9,242.0,2
AP20,TP10,214.0,2
AP20,TP1,91.0,2
AP20,TP2,277.0,2
AP20,TP3,176.0,2
AP20,TP4,131.0,2
AP20,TP5,252.0,2
AP20,TP6,102.0,2
AP20,TP7,272.0,2
AP20,TP8,273.0,2
AP20,TP9,287.0,2
AP20,TP10,242.0,2
AP20,TP1,23.0,2
AP20,TP2,165.0,2
AP20,TP3,85.0,2
AP20,TP4,286.0,2
AP20,TP5,180.0,2
AP20,TP6,305.0,2
AP20,TP7,179.0,2
AP20,TP8,136.0,2
AP20,TP9,202.0,2
AP20,TP10,274.0,2
AP20,TP1,400.0,3
AP20,TP2,248.0,3
AP20,TP3,164.0,3
AP20,TP4,238.0,3
AP20,TP5,200.0,3
AP20,TP6,73.0,3
AP20,TP7,141.0,3
AP20,TP8,341.0,3
AP20,TP9,150.0,3
AP20,TP10,340.0,3
AP20,TP1,104.0,3
AP20,TP2,334.0,3
AP20,TP3,218.0,3
AP20,TP4,173.0,3
AP20,TP5,175.0,3
AP20,TP6,191.0,3
AP20,TP7,239.0,3
AP20,TP8,316.0,3
AP20,TP9,138.0,3
AP20,TP10,317.0,3
AP20,TP1,337.0,3
AP20,TP2,211.0,3
AP20,TP3,200.0,3
AP20,TP4,241.0,3
AP20,TP5,43.0,3
AP20,TP6,336.0,3
AP20,TP7,243.0,3
AP20,TP8,173.0,3
AP20,TP9,263.0,3
AP20,TP10,152.0,3
AP20,TP1,109.0,4
AP20,TP2,80.0,4
AP20,TP3,283.0,4
AP20,TP4,75.0,4
AP20,TP5,246.0,4
AP20,TP6,126.0,4
AP20,TP7,269.0,4
AP20,TP8,45.0,4
AP20,TP9,234.0,4
AP20,TP10,304.0,4
AP21,TP1,207.0,4
AP21,TP2,277.0,4
AP21,TP3,145.0,4
AP21,TP4,222.0,4
AP21,TP5,227.0,4
AP21,TP6,135.0,4
AP21,TP7,171.0,4
AP21,TP8,167.0,4
AP21,TP9,284.0,4
AP21,TP10,139.0,4
AP21,TP1,211.0,4
AP21,TP2,260.0,4
AP21,TP3,276.0,4
AP21,TP4,340.0,4
AP21,TP5,144.0,4
AP21,TP6,146.0,4
AP21,TP7,306.0,4
AP21,TP8,305.0,4
AP21,TP9,46.0,4
AP21,TP10,192.0,4
AP21,TP1,177.0,5
AP21,TP2,211.0,5
AP21,TP3,157.0,5
AP21,TP4,0.0,5
AP21,TP5,120.0,5
AP21,TP6,267.0,5
AP21,TP7,147.0,5
AP21,TP8,146.0,5
AP21,TP9,260.0,5
AP21,TP10,293.0,5
AP21,TP1,254.0,5
AP21,TP2,210.0,5
AP21,TP3,279.0,5
AP21,TP4,215.0,5
AP21,TP5,286.0,5
AP21,TP6,336.0,5
AP21,TP7,234.0,5
AP21,TP8,189.0,5
AP21,TP9,138.0,5
AP21,TP10,201.0,5
AP21,TP1,379.0,5
AP21,TP2,291.0,5
AP21,TP3,223.0,5
AP21,TP4,105.0,5
AP21,TP5,226.0,5
AP21,TP6,209.0,5
AP21,TP7,111.0,5
AP21,TP8,206.0,5
AP21,TP9,213.0,5
AP21,TP10,51.0,5
AP21,TP1,200.0,6
AP21,TP2,240.0,6
AP21,TP3,142.0,6
AP21,TP4,75.0,6
AP21,TP5,259.0,6
AP21,TP6,183.0,6
AP21,TP7,147.0,6
AP21,TP8,123.0,6
AP21,TP9,232.0,6
AP21,TP10,231.0,6
AP21,TP1,198.0,6
AP21,TP2,152.0,6
AP21,TP3,305.0,6
AP21,TP4,168.0,6
AP21,TP5,161.0,6
AP21,TP6,157.0,6
AP21,TP7,120.0,6
AP21,TP8,273.0,6
AP21,TP9,292.0,6
AP21,TP10,277.0,6
AP21,TP1,335.0,6
AP21,TP2,194.0,6
AP21,TP3,126.0,6
AP21,TP4,110.0,6
AP21,TP5,231.0,6
AP21,TP6,377.0,6
AP21,TP7,198.0,6
AP21,TP8,255.0,6
AP21,TP9,194.0,6
AP21,TP10,164.0,6
AP21,TP1,279.0,7
AP21,TP2,240.0,7
AP21,TP3,150.0,7
AP21,TP4,113.0,7
AP21,TP5,152.0,7
AP21,TP6,184.0,7
AP21,TP7,283.0,7
AP21,TP8,144.0,7
AP21,TP9,86.0,7
AP21,TP10,252.0,7
AP21,TP1,197.0,7
AP21,TP2,30.0,7
AP21,TP3,195.0,7
AP21,TP4,284.0,7
AP21,TP5,146.0,7
AP21,TP6,148.0,7
AP21,TP7,140.0,7
AP21,TP8,243.0,7
AP21,TP9,171.0,7
AP21,TP10,252.0,7
AP22,TP1,28.0,7
AP22,TP2,210.0,7
AP22,TP3,395.0,7
AP22,TP4,136.0,7
AP22,TP5,319.0,7
AP22,TP6,231.0,7
AP22,TP7,138.0,7
AP22,TP8,258.0,7
AP22,TP9,84.0,7
AP22,TP10,29.0,7
AP22,TP1,278.0,8
AP22,TP2,236.0,8
AP22,TP3,143.0,8
AP22,TP4,127.0,8
AP22,TP5,192.0,8
AP22,TP6,156.0,8
AP22,TP7,91.0,8
AP22,TP8,66.0,8
AP22,TP9,171.0,8
AP22,TP10,103.0,8
AP22,TP1,86.0,8
AP22,TP2,281.0,8
AP22,TP3,243.0,8
AP22,TP4,324.0,8
AP22,TP5,112.0,8
AP22,TP6,200.0,8
AP22,TP7,184.0,8
AP22,TP8,90.0,8
AP22,TP9,337.0,8
AP22,TP10,169.0,8
AP22,TP1,308.0,8
AP22,TP2,239.0,8
AP22,TP3,200.0,8
AP22,TP4,68.0,8
AP22,TP5,139.0,8
AP22,TP6,127.0,8
AP22,TP7,284.0,8
AP22,TP8,306.0,8
AP22,TP9,112.0,8
AP22,TP10,172.0,8
AP22,TP1,316.0,9
AP22,TP2,186.0,9
AP22,TP3,109.0,9
AP22,TP4,385.0,9
AP22,TP5,354.0,9
AP22,TP6,209.0,9
AP22,TP7,191.0,9
AP22,TP8,187.0,9
AP22,TP9,239.0,9
AP22,TP10,237.0,9
AP22,TP1,264.0,9
AP22,TP2,247.0,9
AP22,TP3,162.0,9
AP22,TP4,228.0,9
AP22,TP5,46.0,9
AP22,TP6,319.0,9
AP22,TP7,69.0,9
AP22,TP8,308.0,9
AP22,TP9,178.0,9
AP22,TP10,133.0,9
AP22,TP1,172.0,9
AP22,TP2,158.0,9
AP22,TP3,117.0,9
AP22,TP4,291.0,9
AP22,TP5,323.0,9
AP22,TP6,239.0,9
AP22,TP7,243.0,9
AP22,TP8,206.0,9
AP22,TP9,212.0,9
AP22,TP10,151.0,9
AP22,TP1,102.0,10
AP22,TP2,66.0,10
AP22,TP3,215.0,10
AP22,TP4,128.0,10
AP22,TP5,190.0,10
AP22,TP6,218.0,10
AP22,TP7,256.0,10
AP22,TP8,221.0,10
AP22,TP9,110.0,10
AP22,TP10,219.0,10
AP22,TP1,263.0,10
AP22,TP2,273.0,10
AP22,TP3,245.0,10
AP22,TP4,230.0,10
AP22,TP5,159.0,10
AP22,TP6,91.0,10
AP22,TP7,288.0,10
AP22,TP8,156.0,10
AP22,TP9,241.0,10
AP22,TP10,297.0,10
AP22,TP1,271.0,10
AP22,TP2,69.0,10
AP22,TP3,252.0,10
AP22,TP4,97.0,10
AP22,TP5,204.0,10
AP22,TP6,189.0,10
AP22,TP7,47.0,10
AP22,TP8,225.0,10
AP22,TP9,0.0,10
AP22,TP10,179.0,10
AP23,TP1,226.0,1
AP23,TP2,89.0,1
AP23,TP3,243.0,1
AP23,TP4,14.0,1
AP23,TP5,282.0,1
AP23,TP6,0.0,1
AP23,TP7,125.0,1
AP23,TP8,253.0,1
AP23,TP9,214.0,1
AP23,TP10,172.0,1
AP23,TP1,220.0,1
AP23,TP2,222.0,1
AP23,TP3,354.0,1
AP23,TP4,352.0,1
AP23,TP5,282.0,1
AP23,TP6,271.0,1
AP23,TP7,186.0,1
AP23,TP8,106.0,1
AP23,TP9,278.0,1
AP23,TP10,183.0,1
AP23,TP1,155.0,1
AP23,TP2,48.0,1
AP23,TP3,334.0,1
AP23,TP4,199.0,1
AP23,TP5,183.0,1
AP23,TP6,127.0,1
AP23,TP7,108.0,1
AP23,TP8,0.0,1
AP23,TP9,0.0,1
AP23,TP10,147.0,1
AP23,TP1,147.0,2
AP23,TP2,0.0,2
AP23,TP3,195.0,2
AP23,TP4,220.0,2
AP23,TP5,113.0,2
AP23,TP6,106.0,2
AP23,TP7,221.0,2
AP23,TP8,218.0,2
AP23,TP9,52.0,2
AP23,TP10,156.0,2
AP23,TP1,189.0,2
AP23,TP2,127.0,2
AP23,TP3,83.0,2
AP23,TP4,389.0,2
AP23,TP5,316.0,2
AP23,TP6,257.0,2
AP23,TP7,239.0,2
AP23,TP8,225.0,2
AP23,TP9,182.0,2
AP23,TP10,100.0,2
AP23,TP1,389.0,2
AP23,TP2,29.0,2
AP23,TP3,287.0,2
AP23,TP4,140.0,2
AP23,TP5,199.0,2
AP23,TP6,137.0,2
AP23,TP7,201.0,2
AP23,TP8,196.0,2
AP23,TP9,241.0,2
AP23,TP10,250.0,2
AP23,TP1,95.0,3
AP23,TP2,155.0,3
AP23,TP3,137.0,3
AP23,TP4,143.0,3
AP23,TP5,137.0,3
AP23,TP6,87.0,3
AP23,TP7,314.0,3
AP23,TP8,176.0,3
AP23,TP9,148.0,3
AP23,TP10,172.0,3
AP23,TP1,136.0,3
AP23,TP2,77.0,3
AP23,TP3,176.0,3
AP23,TP4,175.0,3
AP23,TP5,195.0,3
AP23,TP6,146.0,3
AP23,TP7,198.0,3
AP23,TP8,242.0,3
AP23,TP9,260.0,3
AP23,TP10,250.0,3
AP23,TP1,123.0,3
AP23,TP2,98.0,3
AP23,TP3,181.0,3
AP23,TP4,133.0,3
AP23,TP5,211.0,3
AP23,TP6,159.0,3
AP23,TP7,146.0,3
AP23,TP8,142.0,3
AP23,TP9,110.0,3
AP23,TP10,183.0,3
AP23,TP1,299.0,4
AP23,TP2,298.0,4
AP23,TP3,221.0,4
AP23,TP4,360.0,4
AP23,TP5,2.0,4
AP23,TP6,119.0,4
AP23,TP7,92.0,4
AP23,TP8,259.0,4
AP23,TP9,164.0,4
AP23,TP10,274.0,4
AP24,TP1,157.0,4
AP24,TP2,222.0,4
AP24,TP3,335.0,4
AP24,TP4,231.0,4
AP24,TP5,137.0,4
AP24,TP6,281.0,4
AP24,TP7,246.0,4
AP24,TP8,186.0,4
AP24,TP9,184.0,4
AP24,TP10,159.0,4
AP24,TP1,255.0,4
AP24,TP2,231.0,4
AP24,TP3,274.0,4
AP24,TP4,312.0,4
AP24,TP5,44.0,4
AP24,TP6,156.0,4
AP24,TP7,252.0,4
AP24,TP8,298.0,4
AP24,TP9,228.0,4
AP24,TP10,227.0,4
AP24,TP1,243.0,5
AP24,TP2,189.0,5
AP24,TP3,316.0,5
AP24,TP4,133.0,5
AP24,TP5,204.0,5
AP24,TP6,305.0,5
AP24,TP7,243.0,5
AP24,TP8,214.0,5
AP24,TP9,174.0,5
AP24,TP10,62.0,5
AP24,TP1,200.0,5
AP24,TP2,293.0,5
AP24,TP3,194.0,5
AP24,TP4,102.0,5
AP24,TP5,210.0,5
AP24,TP6,205.0,5
AP24,TP7,1.0,5
AP24,TP8,105.0,5
AP24,TP9,284.0,5
AP24,TP10,183.0,5
AP24,TP1,189.0,5
AP24,TP2,244.0,5
AP24,TP3,148.0,5
AP24,TP4,251.0,5
AP24,TP5,274.0,5
AP24,TP6,56.0,5
AP24,TP7,187.0,5
AP24,TP8,170.0,5
AP24,TP9,295.0,5
AP24,TP10,149.0,5
AP24,TP1,151.0,6
AP24,TP2,166.0,6
AP24,TP3,196.0,6
AP24,TP4,196.0,6
AP24,TP5,362.0,6
AP24,TP6,303.0,6
AP24,TP7,114.0,6
AP24,TP8,236.0,6
AP24,TP9,179.0,6
AP24,TP10,366.0,6
AP24,TP1,161.0,6
AP24,TP2,106.0,6
AP24,TP3,361.0,6
AP24,TP4,267.0,6
AP24,TP5,317.0,6
AP24,TP6,288.0,6
AP24,TP7,234.0,6
AP24,TP8,223.0,6
AP24,TP9,213.0,6
AP24,TP10,236.0,6
AP24,TP1,180.0,6
AP24,TP2,280.0,6
AP24,TP3,173.0,6
AP24,TP4,312.0,6
AP24,TP5,214.0,6
AP24,TP6,306.0,6
AP24,TP7,237.0,6
AP24,TP8,253.0,6
AP24,TP9,102.0,6
AP24,TP10,245.0,6
AP24,TP1,242.0,7
AP24,TP2,226.0,7
AP24,TP3,241.0,7
AP24,TP4,127.0,7
AP24,TP5,327.0,7
AP24,TP6,203.0,7
AP24,TP7,283.0,7
AP24,TP8,179.0,7
AP24,TP9,271.0,7
AP24,TP10,175.0,7
AP24,TP1,297.0,7
AP24,TP2,179.0,7
AP24,TP3,349.0,7
AP24,TP4,182.0,7
AP24,TP5,108.0,7
AP24,TP6,372.0,7
AP24,TP7,167.0,7
AP24,TP8,167.0,7
AP24,TP9,253.0,7
AP24,TP10,195.0,7
AP25,TP1,167.0,7
AP25,TP2,201.0,7
AP25,TP3,179.0,7
AP25,TP4,400.0,7
AP25,TP5,220.0,7
AP25,TP6,145.0,7
AP25,TP7,183.0,7
AP25,TP8,79.0,7
AP25,TP9,332.0,7
AP25,TP10,236.0,7
AP25,TP1,171.0,8
AP25,TP2,400.0,8
AP25,TP3,238.0,8
AP25,TP4,224.0,8
AP25,TP5,228.0,8
AP25,TP6,393.0,8
AP25,TP7,226.0,8
AP25,TP8,343.0,8
AP25,TP9,66.0,8
AP25,TP10,83.0,8
AP25,TP1,126.0,8
AP25,TP2,189.0,8
AP25,TP3,199.0,8
AP25,TP4,183.0,8
AP25,TP5,256.0,8
AP25,TP6,131.0,8
AP25,TP7,247.0,8
AP25,TP8,282.0,8
AP25,TP9,183.0,8
AP25,TP10,400.0,8
AP25,TP1,227.0,8
AP25,TP2,70.0,8
AP25,TP3,206.0,8
AP25,TP4,89.0,8
AP25,TP5,164.0,8
AP25,TP6,80.0,8
AP25,TP7,156.0,8
AP25,TP8,206.0,8
AP25,TP9,0.0,8
AP25,TP10,291.0,8
AP25,TP1,242.0,9
AP25,TP2,115.0,9
AP25,TP3,19.0,9
AP25,TP4,202.0,9
AP25,TP5,371.0,9
AP25,TP6,48.0,9
AP25,TP7,224.0,9
AP25,TP8,106.0,9
AP25,TP9,321.0,9
AP25,TP10,118.0,9
AP25,TP1,317.0,9
AP25,TP2,117.0,9
AP25,TP3,211.0,9
AP25,TP4,192.0,9
AP25,TP5,216.0,9
AP25,TP6,192.0,9
AP25,TP7,45.0,9
AP25,TP8,250.0,9
AP25,TP9,218.0,9
AP25,TP10,168.0,9
AP25,TP1,151.0,9
AP25,TP2,245.0,9
AP25,TP3,60.0,9
AP25,TP4,222.0,9
AP25,TP5,146.0,9
AP25,TP6,107.0,9
AP25,TP7,351.0,9
AP25,TP8,133.0,9
AP25,TP9,243.0,9
AP25,TP10,81.0,9
AP25,TP1,167.0,10
AP25,TP2,308.0,10
AP25,TP3,226.0,10
AP25,TP4,270.0,10
AP25,TP5,170.0,10
AP25,TP6,159.0,10
AP25,TP7,257.0,10
AP25,TP8,229.0,10
AP25,TP9,253.0,10
AP25,TP10,148.0,10
AP25,TP1,178.0,10
AP25,TP2,185.0,10
AP25,TP3,169.0,10
AP25,TP4,125.0,10
AP25,TP5,217.0,10
AP25,TP6,255.0,10
AP25,TP7,343.0,10
AP25,TP8,308.0,10
AP25,TP9,142.0,10
AP25,TP10,275.0,10
AP25,TP1,139.0,10
AP25,TP2,196.0,10
AP25,TP3,262.0,10
AP25,TP4,287.0,10
AP25,TP5,170.0,10
AP25,TP6,126.0,10
AP25,TP7,208.0,10
AP25,TP8,206.0,10
AP25,TP9,274.0,10
AP25,TP10,36.0,10
AP26,TP1,249.0,1
AP26,TP2,103.0,1
AP26,TP3,95.0,1
AP26,TP4,161.0,1
AP26,TP5,226.0,1
AP26,TP6,133.0,1
AP26,TP7,163.0,1
AP26,TP8,317.0,1
AP26,TP9,238.0,1
AP26,TP10,54.0,1
AP26,TP1,310.0,1
AP26,TP2,336.0,1
AP26,TP3,300.0,1
AP26,TP4,151.0,1
AP26,TP5,145.0,1
AP26,TP6,229.0,1
AP26,TP7,212.0,1
AP26,TP8,190.0,1
AP26,TP9,297.0,1
AP26,TP10,65.0,1
AP26,TP1,288.0,1
AP26,TP2,306.0,1
AP26,TP3,194.0,1
AP26,TP4,186.0,1
AP26,TP5,187.0,1
AP26,TP6,224.0,1
AP26,TP7,188.0,1
AP26,TP8,298.0,1
AP26,TP9,109.0,1
AP26,TP10,244.0,1
AP26,TP1,184.0,2
AP26,TP2,362.0,2
AP26,TP3,126.0,2
AP26,TP4,344.0,2
AP26,TP5,212.0,2
AP26,TP6,244.0,2
AP26,TP7,323.0,2
AP26,TP8,217.0,2
AP26,TP9,249.0,2
AP26,TP10,163.0,2
AP26,TP1,273.0,2
AP26,TP2,205.0,2
AP26,TP3,220.0,2
AP26,TP4,122.0,2
AP26,TP5,291.0,2
AP26,TP6,348.0,2
AP26,TP7,311.0,2
AP26,TP8,185.0,2
AP26,TP9,169.0,2
AP26,TP10,106.0,2
AP26,TP1,138.0,2
AP26,TP2,146.0,2
AP26,TP3,209.0,2
AP26,TP4,247.0,2
AP26,TP5,234.0,2
AP26,TP6,171.0,2
AP26,TP7,242.0,2
AP26,TP8,174.0,2
AP26,TP9,237.0,2
AP26,TP10,224.0,2
AP26,TP1,226.0,3
AP26,TP2,44.0,3
AP26,TP3,306.0,3
AP26,TP4,147.0,3
AP26,TP5,308.0,3
AP26,TP6,223.0,3
AP26,TP7,279.0,3
AP26,TP8,272.0,3
AP26,TP9,220.0,3
AP26,TP10,133.0,3
AP26,TP1,15.0,3
AP26,TP2,50.0,3
AP26,TP3,114.0,3
AP26,TP4,96.0,3
AP26,TP5,144.0,3
AP26,TP6,259.0,3
AP26,TP7,325.0,3
AP26,TP8,273.0,3
AP26,TP9,311.0,3
AP26,TP10,337.0,3
AP26,TP1,264.0,3
AP26,TP2,114.0,3
AP26,TP3,202.0,3
AP26,TP4,346.0,3
AP26,TP5,158.0,3
AP26,TP6,276.0,3
AP26,TP7,165.0,3
AP26,TP8,58.0,3
AP26,TP9,109.0,3
AP26,TP10,229.0,3
AP26,TP1,208.0,4
AP26,TP2,339.0,4
AP26,TP3,222.0,4
AP26,TP4,255.0,4
AP26,TP5,143.0,4
AP26,TP6,99.0,4
AP26,TP7,149.0,4
AP26,TP8,214.0,4
AP26,TP9,172.0,4
AP26,TP10,81.0,4
AP27,TP1,281.0,4
AP27,TP2,157.0,4
AP27,TP3,83.0,4
AP27,TP4,202.0,4
AP27,TP5,196.0,4
AP27,TP6,136.0,4
AP27,TP7,313.0,4
AP27,TP8,192.0,4
AP27,TP9,200.0,4
AP27,TP10,259.0,4
AP27,TP1,277.0,4
AP27,TP2,123.0,4
AP27,TP3,82.0,4
AP27,TP4,185.0,4
AP27,TP5,317.0,4
AP27,TP6,133.0,4
AP27,TP7,223.0,4
AP27,TP8,264.0,4
AP27,TP9,220.0,4
AP27,TP10,168.0,4
AP27,TP1,235.0,5
AP27,TP2,249.0,5
AP27,TP3,148.0,5
AP27,TP4,166.0,5
AP27,TP5,137.0,5
AP27,TP6,140.0,5
AP27,TP7,290.0,5
AP27,TP8,100.0,5
AP27,TP9,114.0,5
AP27,TP10,121.0,5
AP27,TP1,102.0,5
AP27,TP2,199.0,5
AP27,TP3,65.0,5
AP27,TP4,309.0,5
AP27,TP5,196.0,5
AP27,TP6,269.0,5
AP27,TP7,190.0,5
AP27,TP8,331.0,5
AP27,TP9,105.0,5
AP27,TP10,254.0,5
AP27,TP1,211.0,5
AP27,TP2,64.0,5
AP27,TP3,240.0,5
AP27,TP4,115.0,5
AP27,TP5,143.0,5
AP27,TP6,139.0,5
AP27,TP7,147.0,5
AP27,TP8,269.0,5
AP27,TP9,107.0,5
AP27,TP10,267.0,5
AP27,TP1,114.0,6
AP27,TP2,220.0,6
AP27,TP3,172.0,6
AP27,TP4,281.0,6
AP27,TP5,136.0,6
AP27,TP6,131.0,6
AP27,TP7,339.0,6
AP27,TP8,94.0,6
AP27,TP9,237.0,6
AP27,TP10,141.0,6
AP27,TP1,189.0,6
AP27,TP2,184.0,6
AP27,TP3,102.0,6
AP27,TP4,198.0,6
AP27,TP5,117.0,6
AP27,TP6,129.0,6
AP27,TP7,388.0,6
AP27,TP8,237.0,6
AP27,TP9,326.0,6
AP27,TP10,76.0,6
AP27,TP1,88.0,6
AP27,TP2,242.0,6
AP27,TP3,245.0,6
AP27,TP4,144.0,6
AP27,TP5,180.0,6
AP27,TP6,183.0,6
AP27,TP7,244.0,6
AP27,TP8,361.0,6
AP27,TP9,366.0,6
AP27,TP10,75.0,6
AP27,TP1,265.0,7
AP27,TP2,315.0,7
AP27,TP3,137.0,7
AP27,TP4,232.0,7
AP27,TP5,231.0,7
AP27,TP6,301.0,7
AP27,TP7,128.0,7
AP27,TP8,244.0,7
AP27,TP9,121.0,7
AP27,TP10,303.0,7
AP27,TP1,103.0,7
AP27,TP2,233.0,7
AP27,TP3,182.0,7
AP27,TP4,340.0,7
AP27,TP5,228.0,7
AP27,TP6,144.0,7
AP27,TP7,319.0,7
AP27,TP8,102.0,7
AP27,TP9,150.0,7
AP27,TP10,50.0,7
AP28,TP1,211.0,7
AP28,TP2,327.0,7
AP28,TP3,278.0,7
AP28,TP4,222.0,7
AP28,TP5,223.0,7
AP28,TP6,286.0,7
AP28,TP7,177.0,7
AP28,TP8,264.0,7
AP28,TP9,171.0,7
AP28,TP10,112.0,7
AP28,TP1,108.0,8
AP28,TP2,251.0,8
AP28,TP3,107.0,8
AP28,TP4,218.0,8
AP28,TP5,320.0,8
AP28,TP6,247.0,8
AP28,TP7,252.0,8
AP28,TP8,365.0,8
AP28,TP9,296.0,8
AP28,TP10,232.0,8
AP28,TP1,243.0,8
AP28,TP2,168.0,8
AP28,TP3,138.0,8
AP28,TP4,288.0,8
AP28,TP5,400.0,8
AP28,TP6,337.0,8
AP28,TP7,156.0,8
AP28,TP8,204.0,8
AP28,TP9,216.0,8
AP28,TP10,207.0,8
AP28,TP1,295.0,8
AP28,TP2,183.0,8
AP28,TP3,226.0,8
AP28,TP4,157.0,8
AP28,TP5,164.0,8
AP28,TP6,159.0,8
AP28,TP7,181.0,8
AP28,TP8,51.0,8
AP28,TP9,152.0,8
AP28,TP10,103.0,8
AP28,TP1,113.0,9
AP28,TP2,214.0,9
AP28,TP3,164.0,9
AP28,TP4,226.0,9
AP28,TP5,206.0,9
AP28,TP6,205.0,9
AP28,TP7,171.0,9
AP28,TP8,288.0,9
AP28,TP9,132.0,9
AP28,TP10,196.0,9
AP28,TP1,121.0,9
AP28,TP2,129.0,9
AP28,TP3,306.0,9
AP28,TP4,205.0,9
AP28,TP5,270.0,9
AP28,TP6,318.0,9
AP28,TP7,7.0,9
AP28,TP8,80.0,9
AP28,TP9,400.0,9
AP28,TP10,171.0,9
AP28,TP1,233.0,9
AP28,TP2,48.0,9
AP28,TP3,172.0,9
AP28,TP4,304.0,9
AP28,TP5,259.0,9
AP28,TP6,283.0,9
AP28,TP7,117.0,9
AP28,TP8,181.0,9
AP28,TP9,156.0,9
AP28,TP10,129.0,9
AP28,TP1,229.0,10
AP28,TP2,209.0,10
AP28,TP3,231.0,10
AP28,TP4,230.0,10
AP28,TP5,176.0,10
AP28,TP6,230.0,10
AP28,TP7,205.0,10
AP28,TP8,260.0,10
AP28,TP9,209.0,10
AP28,TP10,224.0,10
AP28,TP1,59.0,10
AP28,TP2,186.0,10
AP28,TP3,300.0,10
AP28,TP4,203.0,10
AP28,TP5,262.0,10
AP28,TP6,121.0,10
AP28,TP7,33.0,10
AP28,TP8,271.0,10
AP28,TP9,100.0,10
AP28,TP10,158.0,10
AP28,TP1,120.0,10
AP28,TP2,200.0,10
AP28,TP3,186.0,10
AP28,TP4,31.0,10
AP28,TP5,161.0,10
AP28,TP6,114.0,10
AP28,TP7,62.0,10
AP28,TP8,227.0,10
AP28,TP9,193.0,10
AP28,TP10,313.0,10
AP29,TP1,88.0,1
AP29,TP2,97.0,1
AP29,TP3,318.0,1
AP29,TP4,35.0,1
AP29,TP5,244.0,1
AP29,TP6,260.0,1
AP29,TP7,265.0,1
AP29,TP8,313.0,1
AP29,TP9,317.0,1
AP29,TP10,153.0,1
AP29,TP1,217.0,1
AP29,TP2,8.0,1
AP29,TP3,343.0,1
AP29,TP4,269.0,1
AP29,TP5,306.0,1
AP29,TP6,117.0,1
AP29,TP7,276.0,1
AP29,TP8,66.0,1
AP29,TP9,251.0,1
AP29,TP10,228.0,1
AP29,TP1,250.0,1
AP29,TP2,332.0,1
AP29,TP3,216.0,1
AP29,TP4,163.0,1
AP29,TP5,145.0,1
AP29,TP6,97.0,1
AP29,TP7,215.0,1
AP29,TP8,219.0,1
AP29,TP9,259.0,1
AP29,TP10,309.0,1
AP29,TP1,296.0,2
AP29,TP2,270.0,2
AP29,TP3,133.0,2
AP29,TP4,207.0,2
AP29,TP5,124.0,2
AP29,TP6,115.0,2
AP29,TP7,258.0,2
AP29,TP8,137.0,2
AP29,TP9,120.0,2
AP29,TP10,400.0,2
AP29,TP1,84.0,2
AP29,TP2,202.0,2
AP29,TP3,254.0,2
AP29,TP4,119.0,2
AP29,TP5,249.0,2
AP29,TP6,87.0,2
AP29,TP7,248.0,2
AP29,TP8,181.0,2
AP29,TP9,270.0,2
AP29,TP10,235.0,2
AP29,TP1,134.0,2
AP29,TP2,277.0,2
AP29,TP3,228.0,2
AP29,TP4,182.0,2
AP29,TP5,334.0,2
AP29,TP6,165.0,2
AP29,TP7,214.0,2
AP29,TP8,330.0,2
AP29,TP9,223.0,2
AP29,TP10,355.0,2
AP29,TP1,197.0,3
AP29,TP2,245.0,3
AP29,TP3,9.0,3
AP29,TP4,220.0,3
AP29,TP5,311.0,3
AP29,TP6,211.0,3
AP29,TP7,176.0,3
AP29,TP8,226.0,3
AP29,TP9,112.0,3
AP29,TP10,251.0,3
AP29,TP1,251.0,3
AP29,TP2,256.0,3
AP29,TP3,14.0,3
AP29,TP4,110.0,3
AP29,TP5,202.0,3
AP29,TP6,25.0,3
AP29,TP7,206.0,3
AP29,TP8,198.0,3
AP29,TP9,225.0,3
AP29,TP10,47.0,3
AP29,TP1,124.0,3
AP29,TP2,133.0,3
AP29,TP3,210.0,3
AP29,TP4,265.0,3
AP29,TP5,310.0,3
AP29,TP6,363.0,3
AP29,TP7,292.0,3
AP29,TP8,12.0,3
AP29,TP9,255.0,3
AP29,TP10,225.0,3
AP29,TP1,112.0,4
AP29,TP2,109.0,4
AP29,TP3,103.0,4
AP29,TP4,260.0,4
AP29,TP5,126.0,4
AP29,TP6,179.0,4
AP29,TP7,286.0,4
AP29,TP8,221.0,4
AP29,TP9,0.0,4
AP29,TP10,154.0,4
AP3,TP1,269.0,4
AP3,TP2,394.0,4
AP3,TP3,219.0,4
AP3,TP4,243.0,4
AP3,TP5,307.0,4
AP3,TP6,68.0,4
AP3,TP7,222.0,4
AP3,TP8,242.0,4
AP3,TP9,116.0,4
AP3,TP10,161.0,4
AP3,TP1,70.0,4
AP3,TP2,287.0,4
AP3,TP3,197.0,4
AP3,TP4,165.0,4
AP3,TP5,206.0,4
AP3,TP6,239.0,4
AP3,TP7,9.0,4
AP3,TP8,290.0,4
AP3,TP9,133.0,4
AP3,TP10,258.0,4
AP3,TP1,177.0,5
AP3,TP2,92.0,5
AP3,TP3,203.0,5
AP3,TP4,187.0,5
AP3,TP5,162.0,5
AP3,TP6,66.0,5
AP3,TP7,185.0,5
AP3,TP8,224.0,5
AP3,TP9,189.0,5
AP3,TP10,184.0,5
AP3,TP1,306.0,5
AP3,TP2,161.0,5
AP3,TP3,137.0,5
AP3,TP4,202.0,5
AP3,TP5,325.0,5
AP3,TP6,242.0,5
AP3,TP7,201.0,5
AP3,TP8,291.0,5
AP3,TP9,203.0,5
AP3,TP10,206.0,5
AP3,TP1,185.0,5
AP3,TP2,250.0,5
AP3,TP3,176.0,5
AP3,TP4,400.0,5
AP3,TP5,276.0,5
AP3,TP6,157.0,5
AP3,TP7,193.0,5
AP3,TP8,109.0,5
AP3,TP9,0.0,5
AP3,TP10,205.0,5
AP3,TP1,400.0,6
AP3,TP2,342.0,6
AP3,TP3,400.0,6
AP3,TP4,98.0,6
AP3,TP5,169.0,6
AP3,TP6,350.0,6
AP3,TP7,262.0,6
AP3,TP8,277.0,6
AP3,TP9,166.0,6
AP3,TP10,67.0,6
AP3,TP1,149.0,6
AP3,TP2,218.0,6
AP3,TP3,272.0,6
AP3,TP4,186.0,6
AP3,TP5,254.0,6
AP3,TP6,28.0,6
AP3,TP7,226.0,6
AP3,TP8,333.0,6
AP3,TP9,220.0,6
AP3,TP10,193.0,6
AP3,TP1,206.0,6
AP3,TP2,161.0,6
AP3,TP3,280.0,6
AP3,TP4,223.0,6
AP3,TP5,223.0,6
AP3,TP6,183.0,6
AP3,TP7,127.0,6
AP3,TP8,351.0,6
AP3,TP9,295.0,6
AP3,TP10,135.0,6
AP3,TP1,206.0,7
AP3,TP2,183.0,7
AP3,TP3,278.0,7
AP3,TP4,293.0,7
AP3,TP5,194.0,7
AP3,TP6,185.0,7
AP3,TP7,226.0,7
AP3,TP8,231.0,7
AP3,TP9,244.0,7
AP3,TP10,184.0,7
AP3,TP1,98.0,7
AP3,TP2,321.0,7
AP3,TP3,153.0,7
AP3,TP4,70.0,7
AP3,TP5,109.0,7
AP3,TP6,179.0,7
AP3,TP7,290.0,7
AP3,TP8,137.0,7
AP3,TP9,174.0,7
AP3,TP10,299.0,7
AP30,TP1,253.0,7
AP30,TP2,187.0,7
AP30,TP3,55.0,7
AP30,TP4,241.0,7
AP30,TP5,220.0,7
AP30,TP6,222.0,7
AP30,TP7,339.0,7
AP30,TP8,133.0,7
AP30,TP9,247.0,7
AP30,TP10,209.0,7
AP30,TP1,225.0,8
AP30,TP2,180.0,8
AP30,TP3,284.0,8
AP30,TP4,242.0,8
AP30,TP5,151.0,8
AP30,TP6,230.0,8
AP30,TP7,274.0,8
AP30,TP8,286.0,8
AP30,TP9,223.0,8
AP30,TP10,275.0,8
AP30,TP1,58.0,8
AP30,TP2,191.0,8
AP30,TP3,315.0,8
AP30,TP4,174.0,8
AP30,TP5,253.0,8
AP30,TP6,176.0,8
AP30,TP7,203.0,8
AP30,TP8,103.0,8
AP30,TP9,376.0,8
AP30,TP10,151.0,8
AP30,TP1,248.0,8
AP30,TP2,191.0,8
AP30,TP3,151.0,8
AP30,TP4,187.0,8
AP30,TP5,132.0,8
AP30,TP6,211.0,8
AP30,TP7,328.0,8
AP30,TP8,330.0,8
AP30,TP9,89.0,8
AP30,TP10,388.0,8
AP30,TP1,234.0,9
AP30,TP2,226.0,9
AP30,TP3,323.0,9
AP30,TP4,235.0,9
AP30,TP5,323.0,9
AP30,TP6,232.0,9
AP30,TP7,171.0,9
AP30,TP8,235.0,9
AP30,TP9,123.0,9
AP30,TP10,207.0,9
AP30,TP1,206.0,9
AP30,TP2,258.0,9
AP30,TP3,278.0,9
AP30,TP4,350.0,9
AP30,TP5,197.0,9
AP30,TP6,128.0,9
AP30,TP7,281.0,9
AP30,TP8,302.0,9
AP30,TP9,214.0,9
AP30,TP10,122.0,9
AP30,TP1,293.0,9
AP30,TP2,185.0,9
AP30,TP3,190.0,9
AP30,TP4,182.0,9
AP30,TP5,207.0,9
AP30,TP6,256.0,9
AP30,TP7,244.0,9
AP30,TP8,129.0,9
AP30,TP9,177.0,9
AP30,TP10,282.0,9
AP30,TP1,129.0,10
AP30,TP2,97.0,10
AP30,TP3,188.0,10
AP30,TP4,116.0,10
AP30,TP5,284.0,10
AP30,TP6,267.0,10
AP30,TP7,84.0,10
AP30,TP8,160.0,10
AP30,TP9,215.0,10
AP30,TP10,167.0,10
AP30,TP1,246.0,10
AP30,TP2,205.0,10
AP30,TP3,5.0,10
AP30,TP4,146.0,10
AP30,TP5,138.0,10
AP30,TP6,163.0,10
AP30,TP7,148.0,10
AP30,TP8,203.0,10
AP30,TP9,240.0,10
AP30,TP10,239.0,10
AP30,TP1,183.0,10
AP30,TP2,118.0,10
AP30,TP3,142.0,10
AP30,TP4,149.0,10
AP30,TP5,303.0,10
AP30,TP6,203.0,10
AP30,TP7,73.0,10
AP30,TP8,234.0,10
AP30,TP9,131.0,10
AP30,TP10,355.0,10
AP4,TP1,382.0,1
AP4,TP2,1.0,1
AP4,TP3,113.0,1
AP4,TP4,200.0,1
AP4,TP5,164.0,1
AP4,TP6,250.0,1
AP4,TP7,141.0,1
AP4,TP8,321.0,1
AP4,TP9,177.0,1
AP4,TP10,237.0,1
AP4,TP1,124.0,1
AP4,TP2,275.0,1
AP4,TP3,209.0,1
AP4,TP4,91.0,1
AP4,TP5,139.0,1
AP4,TP6,233.0,1
AP4,TP7,14.0,1
AP4,TP8,81.0,1
AP4,TP9,175.0,1
AP4,TP10,221.0,1
AP4,TP1,251.0,1
AP4,TP2,253.0,1
AP4,TP3,232.0,1
AP4,TP4,287.0,1
AP4,TP5,150.0,1
AP4,TP6,237.0,1
AP4,TP7,120.0,1
AP4,TP8,220.0,1
AP4,TP9,178.0,1
AP4,TP10,136.0,1
AP4,TP1,242.0,2
AP4,TP2,0.0,2
AP4,TP3,233.0,2
AP4,TP4,237.0,2
AP4,TP5,249.0,2
AP4,TP6,243.0,2
AP4,TP7,220.0,2
AP4,TP8,182.0,2
AP4,TP9,45.0,2
AP4,TP10,302.0,2
AP4,TP1,196.0,2
AP4,TP2,213.0,2
AP4,TP3,196.0,2
AP4,TP4,210.0,2
AP4,TP5,223.0,2
AP4,TP6,156.0,2
AP4,TP7,168.0,2
AP4,TP8,284.0,2
AP4,TP9,276.0,2
AP4,TP10,327.0,2
AP4,TP1,207.0,2
AP4,TP2,151.0,2
AP4,TP3,270.0,2
AP4,TP4,236.0,2
AP4,TP5,247.0,2
AP4,TP6,264.0,2
AP4,TP7,147.0,2
AP4,TP8,198.0,2
AP4,TP9,143.0,2
AP4,TP10,104.0,2
AP4,TP1,205.0,3
AP4,TP2,239.0,3
AP4,TP3,183.0,3
AP4,TP4,400.0,3
AP4,TP5,210.0,3
AP4,TP6,179.0,3
AP4,TP7,74.0,3
AP4,TP8,274.0,3
AP4,TP9,174.0,3
AP4,TP10,262.0,3
AP4,TP1,215.0,3
AP4,TP2,238.0,3
AP4,TP3,109.0,3
AP4,TP4,166.0,3
AP4,TP5,164.0,3
AP4,TP6,278.0,3
AP4,TP7,283.0,3
AP4,TP8,105.0,3
AP4,TP9,330.0,3
AP4,TP10,124.0,3
AP4,TP1,119.0,3
AP4,TP2,284.0,3
AP4,TP3,267.0,3
AP4,TP4,60.0,3
AP4,TP5,218.0,3
AP4,TP6,206.0,3
AP4,TP7,271.0,3
AP4,TP8,235.0,3
AP4,TP9,282.0,3
AP4,TP10,255.0,3
AP4,TP1,267.0,4
AP4,TP2,229.0,4
AP4,TP3,90.0,4
AP4,TP4,277.0,4
AP4,TP5,233.0,4
AP4,TP6,60.0,4
AP4,TP7,102.0,4
AP4,TP8,206.0,4
AP4,TP9,180.0,4
AP4,TP10,324.0,4
AP5,TP1,244.0,4
AP5,TP2,149.0,4
AP5,TP3,206.0,4
AP5,TP4,330.0,4
AP5,TP5,203.0,4
AP5,TP6,258.0,4
AP5,TP7,92.0,4
AP5,TP8,230.0,4
AP5,TP9,263.0,4
AP5,TP10,141.0,4
AP5,TP1,179.0,4
AP5,TP2,339.0,4
AP5,TP3,145.0,4
AP5,TP4,260.0,4
AP5,TP5,312.0,4
AP5,TP6,215.0,4
AP5,TP7,215.0,4
AP5,TP8,319.0,4
AP5,TP9,141.0,4
AP5,TP10,111.0,4
AP5,TP1,197.0,5
AP5,TP2,242.0,5
AP5,TP3,271.0,5
AP5,TP4,297.0,5
AP5,TP5,170.0,5
AP5,TP6,144.0,5
AP5,TP7,274.0,5
AP5,TP8,104.0,5
AP5,TP9,347.0,5
AP5,TP10,82.0,5
AP5,TP1,257.0,5
AP5,TP2,123.0,5
AP5,TP3,274.0,5
AP5,TP4,200.0,5
AP5,TP5,324.0,5
AP5,TP6,238.0,5
AP5,TP7,148.0,5
AP5,TP8,17.0,5
AP5,TP9,115.0,5
AP5,TP10,259.0,5
AP5,TP1,212.0,5
AP5,TP2,102.0,5
AP5,TP3,113.0,5
AP5,TP4,107.0,5
AP5,TP5,213.0,5
AP5,TP6,161.0,5
AP5,TP7,118.0,5
AP5,TP8,155.0,5
AP5,TP9,101.0,5
AP5,TP10,186.0,5
AP5,TP1,194.0,6
AP5,TP2,272.0,6
AP5,TP3,345.0,6
AP5,TP4,210.0,6
AP5,TP5,194.0,6
AP5,TP6,225.0,6
AP5,TP7,209.0,6
AP5,TP8,258.0,6
AP5,TP9,44.0,6
AP5,TP10,192.0,6
AP5,TP1,275.0,6
AP5,TP2,208.0,6
AP5,TP3,261.0,6
AP5,TP4,195.0,6
AP5,TP5,227.0,6
AP5,TP6,358.0,6
AP5,TP7,319.0,6
AP5,TP8,349.0,6
AP5,TP9,186.0,6
AP5,TP10,44.0,6
AP5,TP1,187.0,6
AP5,TP2,149.0,6
AP5,TP3,180.0,6
AP5,TP4,252.0,6
AP5,TP5,200.0,6
AP5,TP6,269.0,6
AP5,TP7,206.0,6
AP5,TP8,172.0,6
AP5,TP9,139.0,6
AP5,TP10,83.0,6
AP5,TP1,197.0,7
AP5,TP2,226.0,7
AP5,TP3,246.0,7
AP5,TP4,202.0,7
AP5,TP5,225.0,7
AP5,TP6,58.0,7
AP5,TP7,217.0,7
AP5,TP8,189.0,7
AP5,TP9,62.0,7
AP5,TP10,205.0,7
AP5,TP1,213.0,7
AP5,TP2,341.0,7
AP5,TP3,235.0,7
AP5,TP4,254.0,7
AP5,TP5,304.0,7
AP5,TP6,106.0,7
AP5,TP7,81.0,7
AP5,TP8,142.0,7
AP5,TP9,187.0,7
AP5,TP10,155.0,7
AP6,TP1,126.0,7
AP6,TP2,165.0,7
AP6,TP3,267.0,7
AP6,TP4,256.0,7
AP6,TP5,281.0,7
AP6,TP6,113.0,7
AP6,TP7,284.0,7
AP6,TP8,203.0,7
AP6,TP9,222.0,7
AP6,TP10,95.0,7
AP6,TP1,176.0,8
AP6,TP2,213.0,8
AP6,TP3,249.0,8
AP6,TP4,17.0,8
AP6,TP5,387.0,8
AP6,TP6,180.0,8
AP6,TP7,269.0,8
AP6,TP8,86.0,8
AP6,TP9,164.0,8
AP6,TP10,217.0,8
AP6,TP1,244.0,8
AP6,TP2,185.0,8
AP6,TP3,258.0,8
AP6,TP4,296.0,8
AP6,TP5,231.0,8
AP6,TP6,218.0,8
AP6,TP7,146.0,8
AP6,TP8,113.0,8
AP6,TP9,191.0,8
AP6,TP10,115.0,8
AP6,TP1,18.0,8
AP6,TP2,165.0,8
AP6,TP3,136.0,8
AP6,TP4,214.0,8
AP6,TP5,296.0,8
AP6,TP6,178.0,8
AP6,TP7,211.0,8
AP6,TP8,261.0,8
AP6,TP9,177.0,8
AP6,TP10,109.0,8
AP6,TP1,200.0,9
AP6,TP2,167.0,9
AP6,TP3,165.0,9
AP6,TP4,290.0,9
AP6,TP5,168.0,9
AP6,TP6,231.0,9
AP6,TP7,151.0,9
AP6,TP8,169.0,9
AP6,TP9,213.0,9
AP6,TP10,143.0,9
AP6,TP1,206.0,9
AP6,TP2,292.0,9
AP6,TP3,255.0,9
AP6,TP4,122.0,9
AP6,TP5,74.0,9
AP6,TP6,236.0,9
AP6,TP7,133.0,9
AP6,TP8,225.0,9
AP6,TP9,163.0,9
AP6,TP10,89.0,9
AP6,TP1,156.0,9
AP6,TP2,163.0,9
AP6,TP3,161.0,9
AP6,TP4,193.0,9
AP6,TP5,253.0,9
AP6,TP6,277.0,9
AP6,TP7,152.0,9
AP6,TP8,227.0,9
AP6,TP9,202.0,9
AP6,TP10,227.0,9
AP6,TP1,110.0,10
AP6,TP2,306.0,10
AP6,TP3,204.0,10
AP6,TP4,171.0,10
AP6,TP5,162.0,10
AP6,TP6,203.0,10
AP6,TP7,196.0,10
AP6,TP8,222.0,10
AP6,TP9,204.0,10
AP6,TP10,262.0,10
AP6,TP1,94.0,10
AP6,TP2,60.0,10
AP6,TP3,120.0,10
AP6,TP4,226.0,10
AP6,TP5,127.0,10
AP6,TP6,33.0,10
AP6,TP7,204.0,10
AP6,TP8,270.0,10
AP6,TP9,315.0,10
AP6,TP10,297.0,10
AP6,TP1,126.0,10
AP6,TP2,226.0,10
AP6,TP3,342.0,10
AP6,TP4,266.0,10
AP6,TP5,104.0,10
AP6,TP6,169.0,10
AP6,TP7,103.0,10
AP6,TP8,400.0,10
AP6,TP9,256.0,10
AP6,TP10,170.0,10
AP7,TP1,322.0,1
AP7,TP2,205.0,1
AP7,TP3,280.0,1
AP7,TP4,101.0,1
AP7,TP5,216.0,1
AP7,TP6,75.0,1
AP7,TP7,287.0,1
AP7,TP8,137.0,1
AP7,TP9,189.0,1
AP7,TP10,113.0,1
AP7,TP1,143.0,1
AP7,TP2,314.0,1
AP7,TP3,174.0,1
AP7,TP4,279.0,1
AP7,TP5,305.0,1
AP7,TP6,190.0,1
AP7,TP7,203.0,1
AP7,TP8,85.0,1
AP7,TP9,181.0,1
AP7,TP10,0.0,1
AP7,TP1,124.0,1
AP7,TP2,254.0,1
AP7,TP3,318.0,1
AP7,TP4,314.0,1
AP7,TP5,58.0,1
AP7,TP6,162.0,1
AP7,TP7,189.0,1
AP7,TP8,234.0,1
AP7,TP9,169.0,1
AP7,TP10,298.0,1
AP7,TP1,232.0,2
AP7,TP2,172.0,2
AP7,TP3,145.0,2
AP7,TP4,357.0,2
AP7,TP5,138.0,2
AP7,TP6,176.0,2
AP7,TP7,217.0,2
AP7,TP8,352.0,2
AP7,TP9,255.0,2
AP7,TP10,281.0,2
AP7,TP1,102.0,2
AP7,TP2,330.0,2
AP7,TP3,164.0,2
AP7,TP4,307.0,2
AP7,TP5,231.0,2
AP7,TP6,277.0,2
AP7,TP7,198.0,2
AP7,TP8,229.0,2
AP7,TP9,184.0,2
AP7,TP10,185.0,2
AP7,TP1,104.0,2
AP7,TP2,134.0,2
AP7,TP3,141.0,2
AP7,TP4,201.0,2
AP7,TP5,147.0,2
AP7,TP6,47.0,2
AP7,TP7,273.0,2
AP7,TP8,229.0,2
AP7,TP9,84.0,2
AP7,TP10,226.0,2
AP7,TP1,310.0,3
AP7,TP2,189.0,3
AP7,TP3,259.0,3
AP7,TP4,229.0,3
AP7,TP5,149.0,3
AP7,TP6,332.0,3
AP7,TP7,216.0,3
AP7,TP8,221.0,3
AP7,TP9,254.0,3
AP7,TP10,286.0,3
AP7,TP1,157.0,3
AP7,TP2,89.0,3
AP7,TP3,400.0,3
AP7,TP4,346.0,3
AP7,TP5,360.0,3
AP7,TP6,178.0,3
AP7,TP7,182.0,3
AP7,TP8,124.0,3
AP7,TP9,137.0,3
AP7,TP10,266.0,3
AP7,TP1,262.0,3
AP7,TP2,15.0,3
AP7,TP3,251.0,3
AP7,TP4,143.0,3
AP7,TP5,150.0,3
AP7,TP6,262.0,3
AP7,TP7,218.0,3
AP7,TP8,310.0,3
AP7,TP9,58.0,3
AP7,TP10,355.0,3
AP7,TP1,123.0,4
AP7,TP2,379.0,4
AP7,TP3,252.0,4
AP7,TP4,292.0,4
AP7,TP5,206.0,4
AP7,TP6,177.0,4
AP7,TP7,344.0,4
AP7,TP8,375.0,4
AP7,TP9,328.0,4
AP7,TP10,226.0,4
AP8,TP1,320.0,4
AP8,TP2,196.0,4
AP8,TP3,288.0,4
AP8,TP4,218.0,4
AP8,TP5,143.0,4
AP8,TP6,182.0,4
AP8,TP7,136.0,4
AP8,TP8,133.0,4
AP8,TP9,251.0,4
AP8,TP10,148.0,4
AP8,TP1,173.0,4
AP8,TP2,298.0,4
AP8,TP3,204.0,4
AP8,TP4,249.0,4
AP8,TP5,279.0,4
AP8,TP6,365.0,4
AP8,TP7,194.0,4
AP8,TP8,248.0,4
AP8,TP9,116.0,4
AP8,TP10,241.0,4
AP8,TP1,197.0,5
AP8,TP2,163.0,5
AP8,TP3,328.0,5
AP8,TP4,242.0,5
AP8,TP5,207.0,5
AP8,TP6,298.0,5
AP8,TP7,109.0,5
AP8,TP8,322.0,5
AP8,TP9,192.0,5
AP8,TP10,229.0,5
AP8,TP1,351.0,5
AP8,TP2,299.0,5
AP8,TP3,221.0,5
AP8,TP4,286.0,5
AP8,TP5,400.0,5
AP8,TP6,143.0,5
AP8,TP7,304.0,5
AP8,TP8,208.0,5
AP8,TP9,287.0,5
AP8,TP10,283.0,5
AP8,TP1,246.0,5
AP8,TP2,352.0,5
AP8,TP3,163.0,5
AP8,TP4,202.0,5
AP8,TP5,303.0,5
AP8,TP6,207.0,5
AP8,TP7,275.0,5
AP8,TP8,204.0,5
AP8,TP9,21.0,5
AP8,TP10,85.0,5
AP8,TP1,251.0,6
AP8,TP2,245.0,6
AP8,TP3,304.0,6
AP8,TP4,227.0,6
AP8,TP5,230.0,6
AP8,TP6,235.0,6
AP8,TP7,262.0,6
AP8,TP8,244.0,6
AP8,TP9,161.0,6
AP8,TP10,156.0,6
AP8,TP1,159.0,6
AP8,TP2,219.0,6
AP8,TP3,245.0,6
AP8,TP4,120.0,6
AP8,TP5,288.0,6
AP8,TP6,400.0,6
AP8,TP7,170.0,6
AP8,TP8,318.0,6
AP8,TP9,194.0,6
AP8,TP10,214.0,6
AP8,TP1,159.0,6
AP8,TP2,251.0,6
AP8,TP3,216.0,6
AP8,TP4,195.0,6
AP8,TP5,141.0,6
AP8,TP6,264.0,6
AP8,TP7,148.0,6
AP8,TP8,309.0,6
AP8,TP9,137.0,6
AP8,TP10,227.0,6
AP8,TP1,192.0,7
AP8,TP2,164.0,7
AP8,TP3,159.0,7
AP8,TP4,145.0,7
AP8,TP5,175.0,7
AP8,TP6,292.0,7
AP8,TP7,286.0,7
AP8,TP8,249.0,7
AP8,TP9,269.0,7
AP8,TP10,166.0,7
AP8,TP1,171.0,7
AP8,TP2,209.0,7
AP8,TP3,331.0,7
AP8,TP4,190.0,7
AP8,TP5,286.0,7
AP8,TP6,123.0,7
AP8,TP7,320.0,7
AP8,TP8,221.0,7
AP8,TP9,225.0,7
AP8,TP10,225.0,7
AP9,TP1,101.0,7
AP9,TP2,116.0,7
AP9,TP3,331.0,7
AP9,TP4,81.0,7
AP9,TP5,152.0,7
AP9,TP6,160.0,7
AP9,TP7,231.0,7
AP9,TP8,178.0,7
AP9,TP9,216.0,7
AP9,TP10,312.0,7
AP9,TP1,144.0,8
AP9,TP2,329.0,8
AP9,TP3,123.0,8
AP9,TP4,170.0,8
AP9,TP5,148.0,8
AP9,TP6,167.0,8
AP9,TP7,159.0,8
AP9,TP8,208.0,8
AP9,TP9,64.0,8
AP9,TP10,276.0,8
AP9,TP1,206.0,8
AP9,TP2,181.0,8
AP9,TP3,168.0,8
AP9,TP4,172.0,8
AP9,TP5,295.0,8
AP9,TP6,242.0,8
AP9,TP7,241.0,8
AP9,TP8,128.0,8
AP9,TP9,400.0,8
AP9,TP10,196.0,8
AP9,TP1,159.0,8
AP9,TP2,221.0,8
AP9,TP3,363.0,8
AP9,TP4,164.0,8
AP9,TP5,131.0,8
AP9,TP6,163.0,8
AP9,TP7,179.0,8
AP9,TP8,226.0,8
AP9,TP9,140.0,8
AP9,TP10,322.0,8
AP9,TP1,364.0,9
AP9,TP2,191.0,9
AP9,TP3,131.0,9
AP9,TP4,45.0,9
AP9,TP5,58.0,9
AP9,TP6,271.0,9
AP9,TP7,58.0,9
AP9,TP8,262.0,9
AP9,TP9,77.0,9
AP9,TP10,145.0,9
AP9,TP1,164.0,9
AP9,TP2,131.0,9
AP9,TP3,169.0,9
AP9,TP4,393.0,9
AP9,TP5,221.0,9
AP9,TP6,180.0,9
AP9,TP7,180.0,9
AP9,TP8,60.0,9
AP9,TP9,126.0,9
AP9,TP10,91.0,9
AP9,TP1,167.0,9
AP9,TP2,247.0,9
AP9,TP3,173.0,9
AP9,TP4,276.0,9
AP9,TP5,117.0,9
AP9,TP6,132.0,9
AP9,TP7,62.0,9
AP9,TP8,179.0,9
AP9,TP9,177.0,9
AP9,TP10,146.0,9
AP9,TP1,250.0,10
AP9,TP2,131.0,10
AP9,TP3,170.0,10
AP9,TP4,179.0,10
AP9,TP5,298.0,10
AP9,TP6,400.0,10
AP9,TP7,145.0,10
AP9,TP8,257.0,10
AP9,TP9,366.0,10
AP9,TP10,84.0,10
AP9,TP1,157.0,10
AP9,TP2,81.0,10
AP9,TP3,221.0,10
AP9,TP4,183.0,10
AP9,TP5,232.0,10
AP9,TP6,245.0,10
AP9,TP7,324.0,10
AP9,TP8,142.0,10
AP9,TP9,192.0,10
AP9,TP10,184.0,10
AP9,TP1,180.0,10
AP9,TP2,295.0,10
AP9,TP3,198.0,10
AP9,TP4,245.0,10
AP9,TP5,158.0,10
AP9,TP6,210.0,10
AP9,TP7,227.0,10
AP9,TP8,167.0,10
AP9,TP9,159.0,10
AP9,TP10,126.0,10
